$Culture,$Criticality,$Criticalitydifier,$Initial Known,$Inter-Dependency,$Dynamism,$Size,$Plan,$Team Size,<Cost,<Score,<Idle
0.480625792573,1.01873407918,5.04098875115,0.503640486883,4.12608950783,15.6963041209,1.53841992112,3.1625856948,24.4733418159,380.118470505,0.273356389505,0.0
0.860952300701,0.916413055661,3.35914127744,0.68797566003,35.7265905124,27.9539414952,3.68294888279,0.195226101916,2.29871554934,427.300736966,0.477987480515,0.0205128205128
0.42188790949,0.894089888377,6.01144026201,0.517940915386,41.5366717175,43.5162555724,1.78024499594,2.35816033958,27.0446758384,511.503322394,0.503104025775,0.327868852459
0.7730006373,1.16671444962,6.66918830341,0.445472126742,66.0617820735,9.40249198299,0.939053882646,4.40705446219,17.3639920802,448.775068092,0.31512750193,0.125
0.110888524311,0.830063068405,6.14369542903,0.685309757603,56.3193055587,7.16414225162,1.57459234113,0.761158377411,9.18306559928,365.438817125,0.0781238763351,0.21568627451
0.2706128484,0.915299694771,5.09115229449,0.64615317224,30.5168018131,39.5206620188,2.45927031126,1.74993549875,34.7334971403,773.870686977,0.411674539493,0.153846153846
0.271940973183,0.986632879398,2.63848252456,0.678485605546,81.0920821757,10.3679133363,0.102249822991,1.34283901828,18.9606944794,194.359140098,0.203288882848,0.0
0.315612871037,0.846894992343,7.24139807774,0.416923975319,74.2385065672,9.263761513,3.14850507923,1.02022063466,42.3525583832,1216.6860835,0.134055088005,0.0579268292683
0.145417192836,0.989018747341,9.0686779934,0.599837650479,11.4735278824,37.9334943371,1.26570290957,0.835807855151,8.54454942366,820.0042858,0.236018907577,0.0222222222222
0.130942996779,0.972092442556,7.51691577893,0.626282440449,93.0162751893,21.5623599933,3.23969448351,4.11805567362,34.6283165087,1392.01197175,0.260744551627,0.378138847858
0.480450808817,1.15222753952,2.50743795881,0.511090590532,22.4307760678,47.3375271028,2.67209353751,3.20837706924,15.5957232331,285.037637712,0.501781004752,0.254464285714
0.611991051947,0.868005842201,2.71193845767,0.445419496494,32.8940394859,5.24831788896,2.56619112024,2.0395092895,32.0749920546,327.181268811,0.220770556645,0.501754385965
0.139687421353,0.995439864593,3.57373775799,0.533346279568,62.512585912,41.1852529223,3.44673818372,1.50491524992,37.8478331022,651.67653456,0.29425158107,0.598360655738
0.888568722817,0.937880297155,6.64115872589,0.59577940207,28.1696516251,34.0080709355,3.35342289046,3.31923939039,10.0305596153,891.795165279,0.582682000662,0.00408163265306
0.532890610933,1.14934075623,2.92846160549,0.422329514768,97.1738250141,6.53474171672,3.42737109043,2.55670149084,7.89616421014,510.946765677,0.185619648241,0.167755991285
0.877584271929,0.857894260495,3.22380660901,0.535986731798,91.8490858728,44.1454269734,0.981388274781,2.21115855288,9.7103161218,115.597028179,0.396569820374,0.25
0.648864849441,0.989133636944,7.64301263764,0.458851931213,55.3585204256,6.5645784776,0.090683170687,3.46978532484,33.8620725002,520.289394684,0.188193752897,0.428571428571
0.444398056228,0.936034151156,7.25234415436,0.561379739047,86.6822398073,42.6001355899,1.91773328837,1.84579379852,41.0767194065,707.87085357,0.42755299555,0.147540983607
0.740509854223,1.01842058254,5.65156386288,0.439436866794,18.7473314896,9.53839835298,3.5626617163,2.67581072348,9.9575819528,784.733261285,0.322026398189,0.180656934307
0.169520130447,0.848949170726,6.67271822305,0.513748143098,6.33427829053,14.6624717106,0.924383271512,4.88822321482,16.5997184106,325.119138361,0.236250118956,0.416666666667
0.629013714807,1.0937138963,6.96457873264,0.572991964885,8.82155543508,5.2145000938,2.32522369493,3.02645382296,2.63824696666,939.589264463,0.219165919666,0.396449704142
0.421307865121,0.996866795473,3.48273293357,0.61521737943,45.8337805634,25.4960663772,0.99659645164,3.86716091068,41.8779748316,255.660129368,0.459502069033,0.0
0.157001988828,1.14833030895,3.66708372897,0.553959133047,38.8791574785,31.6167955701,2.28630955186,0.0310534248777,18.0073931477,596.691455752,0.28924103571,0.191616766467
0.143508655466,1.14681488776,5.97791190462,0.502425936695,41.0656224612,34.668640668,3.60272895413,3.583957839,18.9480130726,1436.34251224,0.282503843786,0.238738738739
0.581162469744,0.919037169411,2.41011021627,0.452665075343,30.2420538436,8.75007240709,1.51043515729,3.57824140903,6.54555648865,194.702617018,0.373944835164,0.527777777778
0.50160215633,1.04292207038,5.91341887497,0.693867968634,96.3741034099,45.0133218283,3.89277444664,0.784352490406,42.1284695325,1254.29441132,0.502429158603,0.0881670533643
0.738350998374,1.18185035035,4.95894079752,0.502071045014,64.0434301174,47.0966121829,2.26034022316,1.49339868541,28.3044384803,984.856458432,0.487272414087,0.45
0.636908311856,1.14380332287,2.7084722487,0.522409185611,85.6805120198,39.9011851116,3.28879892021,0.778951559719,11.4639536594,451.823701731,0.585631108079,0.296422487223
0.777745453712,0.848987825979,2.71285609449,0.688133718304,59.3196015539,30.1108922213,1.06228127857,0.951585289862,37.0179885029,224.80756575,0.49816529802,0.0
0.325548785121,0.898106442527,9.76460608882,0.599993872109,54.5515195432,41.9483088024,2.83791028038,0.573451074806,28.0658463406,989.576257732,0.446351195142,0.0
0.414318373849,1.00925618255,3.49877556321,0.418602767322,12.8431990631,33.570709328,2.29261842032,2.72496613543,3.99543914921,432.503904927,0.482955034958,0.535864978903
0.158725188374,1.08850502809,6.89220475348,0.518060565602,53.1560490243,7.53894566191,3.62032143471,2.73280060134,26.7377498463,1362.22305446,0.100331208661,0.325859491779
0.571179563668,1.13849172179,3.49793792218,0.471150798968,49.8588793569,37.2867415365,0.488105873486,3.79557220899,1.68021272713,204.253458508,0.377694365562,0.666666666667
0.129201506017,1.07134709393,8.2707168159,0.694505763072,19.5824867856,46.0196678693,0.912782319179,1.33974400491,25.8904117999,583.535133661,0.28352597178,0.111111111111
0.323776092809,1.04805879157,4.28220511547,0.605364664673,18.010659258,8.51325322437,1.5651744774,4.98070356548,2.99443803973,358.784771423,0.161790387968,0.346666666667
0.310222366214,1.0312347374,9.17302750724,0.625117677698,51.2139450327,20.1554144646,3.97850764521,1.26887637631,24.4666673754,1645.22940382,0.264254792098,0.157333333333
0.739639574915,0.834294808441,4.40540886064,0.525869105401,50.3281994946,39.0401435172,3.82928984596,0.375015888664,5.08613470913,425.675348162,0.585197656748,0.408587257618
0.750836477636,1.0869928015,3.18928629684,0.460907662798,42.2481835968,8.95246633083,0.886046625463,4.80254809966,21.6264627338,165.049516296,0.339222774755,0.5
0.45222419156,0.944941033475,2.60748048427,0.454777745995,61.7519384298,12.8917100024,1.13708859495,1.47733903129,39.2042074202,259.184251567,0.270939515634,0.27397260274
0.541019580314,0.830909291722,5.90299452491,0.575454127277,96.1915992293,44.9355167033,3.4685710293,0.870726655271,41.3853598026,893.321257188,0.563999484511,0.325732899023
0.500863969705,0.923578172648,8.9636220611,0.485041731646,93.7631678717,9.27143572391,2.53926676375,1.08956150093,17.4061900312,826.808243051,0.253586661438,0.275229357798
0.250722141755,1.03382481648,2.30092006744,0.47555591419,90.0137575605,38.5285007114,3.98934030022,3.81974762948,23.9293846715,408.066953991,0.37278505106,0.267379679144
0.378841469735,1.19707396682,3.8115511083,0.470364226118,36.0582782416,31.0118496881,3.62050914314,3.43191449453,2.50434294945,533.779125764,0.403835984993,0.17816091954
0.800800404483,1.08334748384,6.22489597062,0.549953178398,97.1244897926,48.4904642867,0.614540414304,1.25251711624,23.2598595327,585.835599173,0.554018343166,0.666666666667
0.436812191778,1.19009861984,4.59649101593,0.400289806254,34.6961179122,28.2975560626,1.43799025448,3.72956727915,19.0386448543,685.772613807,0.418185858531,0.0714285714286
0.326521038784,0.843265597542,6.2051270124,0.465306477392,28.5121273371,3.34134015176,0.96617082552,2.65412572054,32.8083281184,324.981219621,0.0495832304189,0.125
0.27510961369,0.839901056951,3.28282552452,0.40004102824,16.5091111142,37.1429016042,2.46081164549,3.11538503481,2.08468490325,329.925461843,0.319542117508,0.166666666667
0.281940689327,1.0117378084,8.76292635822,0.425701737498,69.8708249929,18.3679339031,0.361316412921,0.1610099799,22.1309372816,606.919260273,0.27695866746,0.142857142857
0.790665212404,1.05729293941,9.49606178182,0.654537644026,41.201143684,9.24483694269,1.67105019616,4.77088655994,39.2944944577,1109.81579228,0.245587159499,0.0
0.155978425576,1.02854740347,6.9466240011,0.53572310095,84.8719586081,36.4442397908,3.79771348879,4.92699545345,14.265223051,1252.57339236,0.348923946602,0.260323159785
0.14980297866,1.12719673855,7.95924811772,0.6191934631,33.2633218794,2.66262205226,0.282125938775,0.379793253465,1.21176558547,348.591990624,0.02220886879,0.5
0.89783234892,0.895857390473,4.42968133247,0.6624445606,86.0429915665,47.3577732387,2.07397415881,2.5840602324,38.5284796202,575.573648137,0.541402578351,0.020618556701
0.634062882095,1.13991075364,8.61172583509,0.653441903602,60.7213025525,4.03583320053,0.196007582755,2.85158597432,6.37896977,580.99371206,0.1444312617,0.461538461538
0.219258816006,1.16117856084,7.80205585132,0.465150830822,29.5320758626,18.6620958261,2.34885974884,2.29004118396,12.5865191139,1309.04863344,0.324321064095,0.487394957983
0.137358169572,0.938324938563,3.0695850279,0.547737744422,91.0299836962,37.3171922968,2.15290920382,4.97812934992,2.66745304895,270.798839242,0.208536904156,0.0481927710843
0.846207283271,0.858160763088,6.95378937202,0.612870212025,57.7788939848,48.6073644452,2.94533585063,2.52181015753,11.3726065278,646.97575234,0.534611353917,0.148148148148
0.897194772115,1.06909911034,9.25125544705,0.479001384257,72.6694424975,18.2678146321,2.85398961823,4.12299889026,11.2143368255,1349.45139175,0.5116104374,0.47577092511
0.862756816464,0.965477319408,5.3622509139,0.680786808893,37.3110913567,12.1792523557,1.62350017372,1.54201764375,20.2834578199,356.02376452,0.560855636623,0.0
0.498620514702,1.0150161536,9.24264350556,0.681858320137,26.9459707459,29.4322942926,1.56399027919,3.92433221208,32.3153738709,1011.90260583,0.425291941378,0.0
0.857235493659,0.942585288621,5.14185314209,0.685851239601,74.2151953012,30.41999078,2.57964669616,2.30593729715,18.1214145234,481.772216502,0.487490431491,0.17816091954
0.810493396932,0.843118694989,4.47269438017,0.565998414896,36.716628577,22.3006270249,0.92002731126,4.9580198555,5.79289405044,288.959824446,0.310877800527,0.2
0.196007117466,0.834823130289,8.10284900477,0.487129714702,91.2342229599,12.9313659762,3.69111047172,2.13592413587,6.13908752415,857.540679378,0.147884259729,0.150561797753
0.422745282514,1.08556623292,7.9602300481,0.667782575214,99.5896472338,43.1491154048,0.104446431293,1.29488474361,41.1917387288,634.356350143,0.478257477955,0.363636363636
0.547453560966,0.898307518762,9.37071779183,0.60586501356,95.3711135197,25.6536089117,1.99164749206,2.34962795864,15.9221626053,1041.2335949,0.428715186241,0.115384615385
0.848397258376,0.966766545883,8.726208992,0.439510627562,60.9165806974,17.797923671,2.45430605709,1.67241715967,35.5294312324,1148.73246156,0.405139579038,0.401015228426
0.467864099627,0.987626569554,9.89673288848,0.481205201324,7.88141061018,32.3949621509,1.41729006839,3.91274091325,38.6711605901,1166.41733784,0.494480938348,0.420289855072
0.545816999401,0.860836910726,6.01810806514,0.55069958439,52.2693188213,28.5780688978,2.56725774522,0.931005121139,40.815458962,615.716349217,0.571747363524,0.34632034632
0.317490548802,1.07737640915,7.17779765842,0.69449459914,18.7192068413,42.6541393247,0.33586649504,3.67695730405,4.53561403715,354.043218846,0.333481158251,0.285714285714
0.43912389508,0.875039702433,5.88747118216,0.487317392313,52.5797440557,13.7235584763,0.673648127673,0.355038128649,8.61973253031,296.205806777,0.191590760831,0.142857142857
0.557464730126,1.19916222898,9.69256524823,0.620879898688,20.0192180997,27.3974641436,1.78138537541,0.931487837441,42.2817380957,1817.51405591,0.238261600784,0.0
0.630641159628,1.06057205694,2.74484287868,0.625529655936,80.1676734583,48.4491868681,2.45851170586,4.28627653243,19.3574099582,330.547293608,0.574361403033,0.062893081761
0.86836004471,1.15647477989,5.50530616704,0.506486613824,19.3258383897,15.8455966082,0.612739639379,3.71252922488,16.1886709495,487.947651442,0.463530427387,0.416666666667
0.539734514822,1.11517168192,3.19999581735,0.576646263598,41.3373136411,47.7459095409,1.64426016084,1.58851952078,27.0045947212,357.994105214,0.553526396946,0.0
0.874827076644,1.06240361218,2.21756014636,0.530803896746,1.93362539711,15.1426134852,1.2001233795,3.10129918064,24.5594478565,187.063496948,0.453268134663,0.152542372881
0.260137060141,1.11375779459,8.37116288449,0.602824038033,14.4943304377,47.7941016167,2.20176523419,3.96555454068,3.30053702457,1215.53477047,0.410382587932,0.1
0.192337980908,1.0106299285,4.06732757651,0.443307686603,21.3595357008,18.6244306206,0.318782462183,1.78214642099,25.805678363,268.574300452,0.124306822084,0.181818181818
0.494646811245,0.887061787143,9.20286699876,0.678484912907,63.1573715019,25.2800309531,1.89630839121,3.54259079713,34.6808182598,941.249231471,0.434102685307,0.133333333333
0.601849398464,1.14011436946,6.69385282872,0.504607253833,31.2449035732,49.0096431792,0.263516870636,3.41529022976,25.112108708,458.527271269,0.559852505244,0.0
0.653385551467,0.932864079718,5.32633931815,0.490084885356,40.4675827908,10.1446158944,3.63647021801,3.72017792978,13.5415774313,652.003071575,0.284781735307,0.0893203883495
0.754089213266,1.03006444141,3.51138667008,0.577719036596,2.20391129594,17.6297556986,0.462484280702,1.66681373782,8.5720667513,157.076614388,0.415235285203,0.384615384615
0.146451474401,0.896432457245,5.76894003075,0.682058849038,32.4025542739,32.0961449504,1.88353179237,2.47998954664,32.4670473557,523.795853344,0.303133215592,0.0625
0.435365828237,1.13544268802,9.80419239723,0.458805441703,9.66637292422,17.0245826931,1.64563645232,1.32335999804,32.4889665906,1396.02923805,0.276060550404,0.659722222222
0.869756645035,0.825152841419,4.59045507256,0.626657532394,26.4011556266,4.94555664601,1.02702464551,0.760246727009,34.7525685312,323.710333394,0.285015060126,0.346666666667
0.782105916475,0.845738015241,8.86899308031,0.62116172398,89.123689073,2.11028292753,2.59019651717,1.04029096976,30.7871069287,812.450595823,0.133014454226,0.518404907975
0.364452871607,0.870111900306,2.1883720371,0.462924177366,7.14180679604,19.0483669759,1.29273155045,0.559506056207,39.1981154038,191.205842016,0.338625638261,0.0
0.518019076537,1.07998518725,2.15312860085,0.540463750625,62.2859018059,13.8522602727,3.11354687876,0.530160700524,19.1198131085,379.905428548,0.360686393787,0.207407407407
0.309730576592,0.848012624577,6.26203523756,0.63681893861,9.31322299045,6.9550795311,1.0867119663,2.05037848643,21.0903742597,401.24635678,0.177626429341,0.27380952381
0.530801555521,1.06447517388,9.05951950541,0.454915726371,47.9591194536,35.9440804478,3.06398066514,3.99704364564,21.7652224371,1860.31361976,0.479141737414,0.103896103896
0.638160824506,0.83156499792,5.22507326153,0.666047537646,73.3489777012,39.991258088,2.25272197524,2.80479001558,26.685769855,519.996148438,0.549605512028,0.243902439024
0.676144543662,1.0124377268,2.84005643772,0.57509809355,3.89364323166,27.8805355738,2.94820968256,2.44322541818,32.7147890205,355.675622282,0.493507568901,0.285123966942
0.410274129912,0.948991879459,2.1494449232,0.460446171474,57.3932582166,16.3518699518,3.84093628213,2.57278204354,14.7458586051,339.198822712,0.370071527924,0.365384615385
0.132721163207,0.891801394856,6.36486647457,0.411191098468,2.60628655528,45.2779660822,2.16963443922,4.21936574335,22.970985625,683.638648536,0.352099714533,0.219653179191
0.276599184016,0.92774291317,8.75917771122,0.568497468961,94.5951304362,32.8383313466,1.35338828846,2.70378730582,2.20022519751,948.254531873,0.393054752114,0.478260869565
0.702767137851,0.838967918313,5.81743421446,0.430915427147,79.8938398912,37.3818059726,0.892007203569,2.54458996971,31.7534025477,286.94859591,0.544506381505,0.653846153846
0.759207783815,1.07020530568,6.98767337574,0.489538663838,91.7558510949,3.70439252929,2.48683311935,1.86736671632,32.7747114833,1037.10431158,0.200738045746,0.545454545455
0.835185583368,0.959240651846,5.15621953152,0.539363939256,56.0107869393,2.62937410067,3.8061167186,1.51859508937,15.7410345604,735.05273425,0.167706667957,0.508250825083
0.458757565985,1.14892171772,9.44639669918,0.685949376867,19.1215750195,5.83875460804,3.10342687616,3.05965099922,33.2383060216,2094.52658639,0.115208976386,0.0
0.817394064777,0.918952369255,9.61824393048,0.49013494758,69.3057272043,43.0812195099,1.15676370721,0.319362566286,32.5944935798,786.282515321,0.606896265318,0.231884057971
0.115664246989,0.895582233204,5.87561997756,0.637313738686,53.9631981982,19.0427071031,1.88968116801,4.65396135062,38.3259071163,519.983004428,0.206809087206,0.204545454545
0.867564111702,0.937591974829,2.23898888848,0.616212295309,4.57575096148,48.6354348413,1.17513265103,1.03028049397,32.9571555926,207.29606129,0.489542523835,0.142857142857
0.234768986108,0.883778758459,4.80611142257,0.433263461369,1.77706300072,7.27232302665,2.64429918387,2.09278443238,36.0966326622,535.747175787,0.175666311515,0.540935672515
0.307906956235,0.87405606212,3.2379044271,0.481828358372,68.4762115867,22.3786448998,0.369472447469,0.210826610039,21.7630116849,230.388765962,0.328703242794,0.25
0.135440259986,1.15820268197,8.64282952994,0.590514336214,25.1756658125,22.8239669335,2.62734315514,3.04549308607,40.6802302287,1824.90749597,0.173483939544,0.077519379845
0.133173263979,1.15711700652,2.40411781636,0.430621353915,90.4775846057,27.2741165694,1.1625735859,4.19263359216,4.87588373056,233.515337672,0.183243203641,0.0294117647059
0.112807990094,1.11770343631,9.62243626605,0.541831470839,50.755641623,42.7420192703,3.78902876506,2.91405366672,19.8231142928,2125.16073103,0.309316350264,0.239543726236
0.140411603169,0.893517865348,4.24640911415,0.508603807409,50.2362474427,27.2597516695,2.97957987279,1.82691096755,20.7432483785,526.996587148,0.2088688912,0.0
0.48770310928,1.19698109792,5.08682584342,0.421901796939,36.788024991,24.2565709518,0.445874917458,3.30736791878,4.20663069979,413.375466461,0.570355405404,0.642857142857
0.860416716439,1.14770009947,2.32331006386,0.537045693851,61.9432572969,20.7865848837,1.03018115209,1.07259420712,11.666519493,315.635332167,0.451889394555,0.469696969697
0.672438526799,1.09393029863,7.86447746914,0.559850854287,63.3819794081,10.6010326269,1.6491761393,2.70368667003,4.09671704042,573.726143677,0.417773602484,0.489130434783
0.76590109341,0.965487529129,3.04261657029,0.636252160971,24.087190374,38.5594970547,3.82264329787,0.553996161841,14.7597167854,483.442829609,0.526438438324,0.0614525139665
0.231113040161,1.08177342976,7.65046198524,0.599987626711,86.7437207843,19.2844193229,2.27335112603,3.30706656442,2.51433961147,999.540241687,0.194891264094,0.375
0.767157355614,0.841572571547,3.283125973,0.411559172786,16.1978242665,19.8187905427,3.42992743549,3.74959520332,13.6896718941,416.794192195,0.478951828847,0.308457711443
0.624962151895,0.915670885755,6.533927012,0.40588289326,66.767115203,31.7395946933,2.7455343568,4.2201594768,26.9924366864,646.724726776,0.556314380849,0.295833333333
0.359991831728,0.833566052135,4.46218374377,0.64085794317,65.861027872,3.19284461574,2.14550807568,0.127703918597,25.8411855628,415.719512741,0.0607070461105,0.0
0.327448125525,1.19720453824,4.63401596739,0.618804751377,28.250351653,42.8527604475,0.457306680403,3.54976331355,37.1179264067,470.124112845,0.446144181521,0.538461538462
0.478738478682,0.923076067276,8.55770523252,0.585421325936,76.8344360713,8.50637092378,1.67881538491,3.46207028728,27.3748938632,675.854081208,0.309845914786,0.493670886076
0.298049488541,0.834531479996,8.60923359228,0.680249884522,20.9034260457,7.47455077813,3.53474236517,4.70610809122,36.9894214994,1193.10177333,0.228913266109,0.376093294461
0.314333616015,1.01922071585,6.51144160271,0.613734538802,2.45353227757,12.8059704733,0.807829016041,0.602505921117,4.95561798468,444.531552317,0.36516477214,0.590909090909
0.230420019946,0.911491061821,7.8197125625,0.61977812343,39.6191905703,21.9055997792,3.52313497048,1.32782529105,20.6852102495,1074.07023047,0.210268969575,0.0149812734082
0.83132849808,0.880868890258,6.01473498499,0.417777776665,17.8320102432,3.67105396718,1.03825910589,1.1353105529,14.4920967067,496.809952051,0.201345725061,0.466666666667
0.650086004633,0.97081634673,3.63360850937,0.591507185583,57.2540088619,46.8119329665,0.875507553903,0.529266477723,37.8695326233,262.578429615,0.43699884171,0.181818181818
0.454173706864,0.900417491354,6.59671675318,0.41098502515,3.07751537161,12.5234337422,1.83835299396,3.38692309648,35.1857537562,669.275428246,0.366139296382,0.327272727273
0.411569551388,1.16089270416,4.59426584083,0.605408535035,39.6504963168,2.51614919801,2.27363100659,2.7143607083,36.7979736453,850.185879336,0.138034803728,0.444866920152
0.614179722455,1.00959786486,6.29603013663,0.420814863314,74.6108498111,33.6576061592,0.625105561088,0.807305199302,22.5841367837,432.019709688,0.680273848431,0.529411764706
0.450547417122,1.13190662465,3.21931868716,0.46257426938,14.16409471,8.13694610543,1.34204282642,1.44779951822,18.4043271834,398.288763634,0.203103387771,0.380952380952
0.634635410785,0.968332952197,5.52365479243,0.637634340084,57.1895086311,46.7961278477,2.89284581049,3.04824423163,17.7958651682,560.708872746,0.530279962708,0.0
0.36987579544,1.18169548033,6.5605493245,0.537068045281,86.3544114519,8.11405420438,0.512287677617,4.10061077046,17.0242094261,581.193947861,0.254863208857,0.5625
0.42494069131,1.03632450515,8.26264396978,0.558052308142,39.0998062821,45.1706227393,1.01119313646,1.28291348568,31.4095102692,1347.31959814,0.432565220978,0.647727272727
0.873790010093,1.05781841228,8.54962166218,0.539440252091,83.815156175,16.3682698997,3.27695756962,4.43028327818,33.4230745158,1633.05184125,0.411757580989,0.0354166666667
0.837657437331,1.15095877251,4.5159960128,0.697079835119,60.8881483086,35.614888326,2.5181437673,2.5455713735,5.15059627349,713.448767736,0.487352476004,0.106382978723
0.854033746646,0.843410943124,2.17052036091,0.562589112717,73.0551067908,3.11176421694,0.808436682646,1.35636194728,10.6223526609,121.003088004,0.183960723541,0.190476190476
0.143574226901,0.936071580271,9.84455609281,0.468116194631,76.678955596,22.6159913658,1.78545939953,0.903374958153,24.962995313,887.292163175,0.22886903907,0.308823529412
0.180754529793,1.15419674079,6.79071408627,0.608912832515,95.7918999379,32.5613013848,1.77535495461,1.99107500078,23.5226351208,1163.57567832,0.330587008378,0.38
0.853495533258,1.00858884724,3.49636277598,0.433984186131,14.868152319,15.0900473204,3.67501729939,1.72000517105,38.5470224005,728.155085134,0.376205699002,0.580110497238
0.67867678809,1.08888845286,9.94916192109,0.554686402426,8.46182552523,16.0682697994,3.68726430425,1.11300993082,11.392341844,1904.05148935,0.334171544673,0.0174825174825
0.678069269006,0.969726739553,9.12130079574,0.501196998637,94.610253716,39.8795968717,3.3732980294,4.9001892392,12.4880199877,1419.15868256,0.586681554832,0.319073083779
0.526984533122,1.12856315293,3.76661366325,0.481627345475,52.1564558713,16.4713634057,0.773185631421,2.72534907724,9.39245582463,181.904368434,0.338208923736,0.0
0.330915956417,1.116106591,9.05504380629,0.513714095175,69.120507675,16.9922187505,1.58492128584,4.28516722162,37.6667733772,1344.07774365,0.264594233839,0.260869565217
0.784305531651,0.977903707739,2.35661339837,0.642384614762,65.8858429195,26.7453093862,2.39643219758,2.94220667843,37.8765701708,390.825370109,0.53989561062,0.319277108434
0.167816579407,0.82139281456,2.23172412007,0.632607428634,7.91665485143,32.9474929465,1.40655492352,4.07077068219,10.022769895,142.117460596,0.197730294983,0.0
0.55347810837,1.02180270905,6.56499964132,0.696719333803,31.818965105,40.4453641765,2.09609062139,3.08361118974,34.4389702779,1260.21029457,0.489445924892,0.0
0.608910828103,1.07627757127,5.6709869989,0.579752716026,72.1224114044,18.3494187744,0.866113311369,1.16358734094,43.6131010578,567.854817975,0.304521127259,0.208333333333
0.683324581901,1.00868871799,2.37711135191,0.45123614573,40.1839910591,23.9573949054,2.75401632629,2.77211878592,16.0993503107,315.969272263,0.453673204256,0.133858267717
0.442552576773,1.18940866496,3.60827885904,0.508613636218,25.1651120705,21.8792129984,1.58257823479,3.20231103741,21.0071713388,385.66138932,0.417267414648,0.371794871795
0.673292729029,0.933569686276,7.67443277338,0.4149750119,18.2756423956,10.8904714922,0.270023227204,0.519060863433,39.2757302397,606.949559888,0.28962615388,0.421052631579
0.408142924092,1.02012008306,2.4935186138,0.56182674246,98.6960412526,12.6351684925,1.64943649587,2.98127757825,29.675558658,279.843638606,0.236643886857,0.2
0.563657559687,0.831268257229,5.26816748187,0.530075539188,86.0001153791,20.2173242006,1.49500299076,2.75966846089,18.626569267,339.218885908,0.460110290697,0.365853658537
0.84394815228,0.996627220456,9.27989341762,0.653255762308,85.9063546241,15.2413435619,3.86526827462,3.4422146396,9.87604972245,1454.9110696,0.36578692747,0.0
0.863567276555,0.886665817622,7.11809080236,0.584259300819,30.5937624534,39.7257160897,2.72647325572,2.92330777476,2.93620145016,740.774943928,0.509191807404,0.184210526316
0.563042717264,1.04923470058,2.55957547468,0.491182841659,32.1598422824,40.481142148,1.17699494737,0.958719625034,21.2907326959,279.746061842,0.496242326172,0.313725490196
0.47560057501,0.99246519133,5.07793515458,0.529482490355,95.976928587,14.5290619382,2.04374035056,1.10370678432,19.0743644502,637.586144987,0.311359283728,0.4875
0.823590366755,1.10746785228,6.63721890682,0.635834133172,69.283912375,22.4215885404,0.206744351685,0.657119965662,36.697168634,699.942993724,0.401245035683,0.5
0.813814006155,0.893582249639,5.61674854466,0.649106569167,82.8211317113,36.8136729665,3.25154990432,1.96087222795,20.1696055692,747.91508121,0.501279765447,0.326298701299
0.297291864374,0.928800612573,4.80519630086,0.632831768191,88.1946837744,48.6601010956,3.70273216026,2.56206028441,30.3777656416,695.548454116,0.478470784413,0.241252302026
0.280500342226,1.18608261115,6.5191878101,0.62686786633,40.3234969632,21.7122840219,1.08412475556,0.16218692251,43.2197804683,683.486357788,0.214024318553,0.0
0.477463729429,0.850052187387,2.1970952958,0.489680553385,88.6332480285,10.0842400089,3.61784913897,0.85528094183,15.5481757924,323.109569976,0.199192873144,0.00993377483444
0.51134409402,0.883781022854,9.84325598766,0.641022251544,40.1614760141,26.7321628873,3.33801602321,2.74451789676,31.4023520976,1357.54559688,0.486599903783,0.257246376812
0.84509311843,0.967360061363,3.13096868328,0.694128205824,85.2498600837,18.30088268,1.03973418476,0.783409640409,9.46028498108,210.750034897,0.387479863127,0.0
0.601934044391,0.866203145322,8.56701623877,0.581556252265,78.6887432217,49.0567825085,0.848715947396,1.56211211789,37.9631153581,470.652799074,0.77466991993,0.0
0.505813074764,0.877760168384,3.44783660931,0.49830543999,2.74128067619,23.5965923498,0.519720735062,0.905397193424,35.3806259247,258.760253498,0.404988136668,0.555555555556
0.841307285976,1.04907171899,5.98314339344,0.659260833095,90.9525437786,11.5454348431,0.096766317293,4.10986748032,15.8652005289,237.018165178,0.305969252562,0.3
0.625392058676,1.17905363269,8.92096458172,0.685125676935,78.4142743502,24.8696917012,1.14463272904,2.89392456895,21.4108200505,1278.45401255,0.414373493846,0.05
0.117820603899,1.11011270923,2.9935442433,0.646370186119,44.6378299635,46.9886675719,0.592226811688,4.84646214898,29.4708709247,213.214615216,0.149927725611,0.3
0.362743156974,1.03335631284,8.7072787943,0.420540149837,4.29563862837,21.5969277051,2.67075491062,2.15733764769,23.6613325856,1436.14532091,0.357246701031,0.196850393701
0.628716101698,0.881153684446,8.95916348537,0.634706674106,99.6737970437,9.15072569781,2.98955317076,2.5639353393,14.6331578849,1016.50731598,0.188594406687,0.0
0.692523807027,0.923467855195,8.72390176733,0.608275145665,70.9141844124,7.43159205396,0.414785791246,3.93038029786,3.50910049488,495.157763952,0.160267871386,0.333333333333
0.666403759105,1.10834320974,3.66875171653,0.66366199421,86.2086987371,7.47507849522,3.54654064608,4.45214395512,37.8816431228,772.023138756,0.344096882111,0.355113636364
0.643333376933,1.18366011019,7.99803456,0.675872089288,53.0105585509,9.05497746288,3.1188553941,2.00622361351,8.87485614748,1764.99257651,0.31670426271,0.271375464684
0.448759266128,1.02227348164,6.19451323938,0.402674580217,71.330328741,37.459065031,1.72601333287,0.588582100336,38.9452663723,880.071644035,0.579982600413,0.05
0.883960156954,1.15329199034,6.51183798961,0.643734654004,94.1769711264,31.9762506196,2.06975268166,1.99631844211,41.2532704143,1488.26799678,0.670228144291,0.0
0.76153786097,1.14249198876,7.70258652392,0.506908737206,61.0217342852,17.3692022369,1.35168504336,2.69272320378,1.44162262479,821.27715698,0.417154772229,0.0357142857143
0.221832828198,1.0291550462,7.35725159429,0.462172198661,19.4168510901,49.8576187252,3.95297109465,4.8013915758,20.4674539902,1270.79983537,0.363623679306,0.00940438871473
0.296583239638,0.927845087893,2.04744530996,0.612844170972,79.9382473086,9.70743891407,2.78566403386,4.21093469435,32.3033348699,295.674433049,0.216451300118,0.377049180328
0.682445947058,0.867996716324,6.74549907743,0.442174323007,82.112408878,19.2563164343,2.2309178072,3.25474321629,27.4643173112,702.915137249,0.452830006244,0.525477707006
0.515342947104,1.0071322862,9.77228929356,0.505705200148,75.1825369347,31.863080328,2.74150170156,0.835878399105,39.975677916,1411.32527368,0.574723124536,0.424812030075
0.45544518161,0.898348697582,7.7775797613,0.61714862094,27.2220399329,17.085857781,1.54616214733,4.36328846357,13.9037408171,682.059186078,0.281663334157,0.0285714285714
0.739726430816,0.85889538576,4.2137725461,0.552951654528,14.0243103511,4.49313105059,1.59562250976,2.95261002391,31.8236915106,353.876995413,0.1801536272,0.0816326530612
0.735157573995,1.13629165919,7.62886927293,0.513829955147,22.9244690633,9.78332218562,3.90154177424,1.96255410479,5.40431586961,1478.55773385,0.364078297175,0.463824289406
0.107940074838,1.13807137692,2.70221493849,0.61446792035,44.529571565,2.50939093393,0.614208259578,1.25558215838,9.16059093949,171.244712121,0.0235820249661,0.0
0.561787665847,0.983300703114,8.86969424778,0.615490514589,50.1486093119,22.7349040898,3.99205191028,3.84773463926,28.4866798587,1429.23859492,0.403162696566,0.0965665236052
0.259765735102,1.01858388051,7.01487445413,0.492027363829,68.1183623002,45.5514772259,3.07645322712,3.84889445697,34.2683080168,1249.63536209,0.394780296624,0.00357142857143
0.336281764709,1.01659206433,5.9304621023,0.580118102123,22.1817622356,11.7184831499,2.66693446622,4.8639028802,34.383445796,776.726473976,0.171600180206,0.0
0.572932934516,1.0614421551,4.7503735939,0.435126948944,96.0215309412,27.9285252196,3.89912740659,4.41622970766,43.7469999989,982.189059275,0.459861454388,0.118393234672
0.412590555258,1.11730520663,7.71774951544,0.653543229324,4.70431835671,2.85936620053,3.44366368647,2.85030519181,29.239750787,1688.14356499,0.0995950260618,0.252072968491
0.750632984753,1.16891603208,8.95240893243,0.573586395432,88.8998847491,37.7020937995,1.90390048756,4.92922565618,2.63958738061,829.631752116,0.53550249283,0.493333333333
0.436015439779,1.15557709992,9.99788935662,0.610966913549,32.8704261137,14.0331721357,3.6298294859,0.71161932327,30.4941586475,2461.1359297,0.333940069944,0.140569395018
0.2131752953,1.1050178658,8.23264556494,0.61056357845,71.3093720392,36.2185592699,3.0266195647,1.6429621285,1.21042213126,1345.51767968,0.217457682681,0.361386138614
0.132339673244,0.855532405665,2.92169280589,0.584535460606,74.0897845821,11.099114609,1.53149418309,3.34749838786,39.2094231189,292.833653927,0.170516651341,0.376623376623
0.816400387541,1.12535845261,2.09935823913,0.68101192006,42.5225709921,46.6401338858,2.24712223256,0.723687334197,40.8817630564,319.047113764,0.564640117764,0.0733333333333
0.287634641501,1.09794294039,3.93490680828,0.510020154587,32.0294671396,26.4663293626,0.763196877491,3.95350927718,34.5012846091,212.466528323,0.500166065166,0.461538461538
0.357052297127,1.0132294676,3.42972966691,0.677536675553,11.6295842358,12.5428419038,1.86579318847,3.98881005072,23.8054417007,383.525402144,0.212706799481,0.09375
0.704883036698,1.03828409742,7.58351423892,0.463362067121,5.04112021151,48.5100790369,2.14318026068,3.93430080009,30.8348057521,957.153286502,0.593270049366,0.0
0.173292662841,0.886361337525,4.47830400601,0.447725223794,18.3562749719,4.17652483846,2.48541937706,4.06385979286,20.6338527426,480.205976286,0.0596294393491,0.127272727273
0.301654370563,1.02582757842,3.07676854579,0.629080710798,55.0807251636,16.5215851905,9.97253256689e-05,2.17808255332,24.3436578576,207.181070768,0.250951528907,0.571428571429
0.703332515257,0.831428813521,5.54225890193,0.690676084021,74.4351943892,29.6898101171,3.47479999555,2.27783338377,18.1345388828,672.764239412,0.483055782262,0.0149253731343
0.480194226858,0.920567999149,6.40813115296,0.639179899835,36.9261664015,4.8759629645,0.772368777105,4.43598590842,28.4807090403,379.272761015,0.0730521149546,0.0
0.796047090723,1.12330241974,9.79168092536,0.690684845582,23.8190681957,23.4053405709,1.52498604296,4.22799763582,8.80745795572,965.747185382,0.420277496064,0.296296296296
0.796625418728,0.821597766546,8.64102861337,0.521975596739,57.9484752913,27.6790098211,3.70095195289,1.58518103145,10.9038238774,845.924207872,0.490070193475,0.42614379085
0.250903472031,1.15407476623,5.88986060139,0.421812024313,22.3538882425,34.7197906978,0.883291699992,4.43370784519,39.7182823688,413.761345,0.408981434604,0.25
0.216591605101,0.833780159638,7.73375981753,0.534344926172,76.2729564496,19.8601788234,3.21161203559,0.990584351458,8.41744873833,769.898912394,0.218627046601,0.0848214285714
0.835304344793,1.12160828907,3.53721810141,0.408535050948,75.0024344425,30.4489811732,0.227890485595,0.719221514191,42.4953747538,362.520964676,0.562931256122,0.125
0.497121765414,0.957652390916,2.95655475627,0.421526204501,76.0187874901,20.4221438615,0.602847726848,4.55499826556,41.826749061,263.104290893,0.414919345083,0.2
0.768743712642,1.16708185873,7.80723571755,0.450810090657,99.6056618473,5.43467827493,3.98452708744,4.03145732493,15.2282272487,1778.59781356,0.255598200248,0.284263959391
0.130500408621,1.05301756569,7.49399234066,0.532855467997,10.5621509639,30.1635036396,1.38600284765,4.03537619781,32.3746102372,924.588805701,0.219465128595,0.106382978723
0.674838552006,1.12897464604,7.41457655283,0.525323195676,72.3042724564,32.5898126858,2.40862183567,1.2219286278,32.5331999869,1517.04016499,0.493110452669,0.284810126582
0.161206708031,1.11065169589,9.06821705426,0.52245924323,91.6158191983,23.5531132093,3.49471282054,3.76670649577,9.92160242664,1754.98529283,0.175630555156,0.0195439739414
0.136894846284,1.01828181284,5.75766759167,0.433984865388,35.5594278918,9.13872967585,2.56595530478,0.636457299318,29.5498091063,772.670165392,0.107100133963,0.186813186813
0.337114246028,0.942248626323,9.92598105171,0.490412822557,41.2883247928,26.1097897458,1.05918176564,1.59941429417,6.53534320048,646.365952869,0.305325809567,0.138888888889
0.205826858872,0.855759082943,5.82398424384,0.495613340189,17.3395909114,10.2402452145,2.10248955267,4.97585545522,21.4997102597,607.182636933,0.10500986943,0.00869565217391
0.84723945429,1.02847293572,6.39171345261,0.509438381383,69.4642594441,32.5540480357,1.77625433178,0.66283599142,3.84143835707,480.676621009,0.53917397333,0.0
0.608489833013,0.923708659401,6.10720473303,0.603401201599,58.7194549057,33.5770299556,3.43199807594,0.737056210546,11.3467023558,929.244778799,0.50568177819,0.184810126582
0.683250824064,1.18117772071,8.41013125817,0.569904322462,19.6870240353,37.6329107679,1.07519831876,2.02157719906,3.28476103378,1289.10518841,0.437735263541,0.0714285714286
0.517882061741,0.901730999736,8.90299708149,0.65571423598,12.1254121789,36.6007213734,0.394633127854,1.47467598116,40.6890757208,590.959363916,0.556453415515,0.111111111111
0.209085063523,0.836690300588,2.76900690896,0.600667262896,36.9879482418,41.7447831594,0.98531050013,1.30544339073,11.8864114779,91.9517249404,0.504436803719,0.0
0.242489729937,0.846566764002,7.34190389484,0.651690511155,29.5321372045,4.1976254327,0.504550623793,2.51703561814,39.2798265381,423.134820171,0.0403370018688,0.0
0.796603154028,0.84953227093,8.95921773414,0.418423116006,28.9818800626,1.95007476965,0.48210245635,1.92913573962,32.7372397599,393.340720694,0.129829693543,0.340909090909
0.735453081055,1.02653183543,8.11057446442,0.504184425569,34.9318030073,30.6526352303,1.3695001766,3.45268823517,9.99640654378,740.01645659,0.504726146639,0.112903225806
0.646408852008,1.13550308108,3.47478395826,0.572405501553,43.4220988116,47.7860136793,3.34090815614,4.84971619108,41.2511192205,821.000204333,0.561096518102,0.0347593582888
0.598457186145,1.12087303783,9.38255470099,0.508465577708,28.8610165187,42.393655828,0.280223989015,1.85817862038,26.4966085265,786.683446864,0.47103876792,0.489361702128
0.644087495796,1.0729372023,3.32661068962,0.475067225944,57.574369776,32.8542527535,1.47407569072,0.9126224782,28.5871773692,362.452075067,0.453678459592,0.0
0.563119986549,0.980929666107,5.83114263833,0.403091038903,90.0860894965,38.0137487329,2.18899050625,1.27295128272,8.5578786174,736.327262451,0.473464567146,0.1
0.338177331909,1.14324167691,9.80921536793,0.464823175414,44.2665302194,1.01861133513,3.11894401668,1.70153339323,12.0853410093,2253.68942192,0.0170896570161,0.0239520958084
0.176658748403,1.18506719868,7.5784968326,0.423376000728,91.9647524835,20.2888896274,1.20948871732,4.57696596795,42.3546739704,1396.78198146,0.243150886508,0.465753424658
0.613430621326,1.19041912922,6.05786506296,0.565289971202,31.00793278,11.8394446823,2.68270757751,3.03044632786,2.29820326339,1042.70148887,0.267311185995,0.191304347826
0.168806515226,0.971195101196,4.71720674328,0.517734512122,39.7050292877,43.9035154392,3.86621957466,1.93819375451,1.50803428965,523.153765619,0.309601909647,0.507865168539
0.195994236268,1.19301954711,7.15544417407,0.558631709058,21.5664238009,2.11054953988,3.82546109465,0.944908013331,33.6318003809,1893.83546918,0.0608981742387,0.393162393162
0.443823530825,0.869722169589,4.84419552158,0.555213012073,64.999815377,9.29341983874,2.27640515947,4.2611065393,27.0835414272,534.065331592,0.336899846468,0.412244897959
0.162099019973,0.8461151855,6.57094134948,0.553110563136,89.239052665,16.1093205488,0.594635730377,4.99519973107,8.65840519427,231.246867754,0.19893984248,0.318181818182
0.148929607802,0.993425301721,4.09217620769,0.624745050771,43.3353153453,18.6686189405,2.1193516807,1.10610674026,40.4365516803,705.471804786,0.155267236131,0.302325581395
0.185263158881,1.07479516285,5.07823053796,0.696154345944,25.7506147611,33.1403480881,3.58821460937,0.45641480715,20.8172899261,943.72456015,0.369676978697,0.243156199678
0.640876445053,0.915426704396,7.20710872728,0.532098603851,55.7077482671,36.3413054926,3.18679408141,4.01321801445,8.43464466134,893.02587932,0.456188528959,0.0199335548173
0.139075844061,0.874776598545,7.6011937168,0.501165845585,93.2243972084,14.9300978359,0.870679828207,4.06149953396,2.69262611218,377.87770387,0.107194781036,0.190476190476
0.832420860293,1.00595683024,6.25084324356,0.655948632331,54.7711155622,33.145833221,3.02142985939,0.631638574847,40.2034442425,1147.26097419,0.554597678301,0.136554621849
0.749295894135,0.910777555438,8.37869259571,0.408923607454,48.4131140791,25.0021250107,0.556700057753,4.02175773501,16.47752195,322.786538264,0.503667632743,0.357142857143
0.731260122476,1.01240084271,2.85590218689,0.677873671068,48.7746576843,32.1586677902,1.16033291771,0.388373314158,34.3707647544,228.002696116,0.429645104784,0.0
0.240917390982,1.08894700158,5.36158904883,0.415699265424,33.5682158191,3.11360272024,2.50422852439,4.29695799248,16.4902575172,809.728697153,0.0413424862148,0.0188679245283
0.349052559548,0.835007636081,8.10272710869,0.633496850357,71.9126483755,1.19926973274,0.203735531105,0.217113655467,29.0043354376,397.2004742,0.0548752675932,0.615384615385
0.868648585394,1.1645699473,9.60284327678,0.552837200874,49.8885637568,9.9209893516,3.96831574777,0.840425999569,37.4689810391,2754.73372011,0.458900827173,0.312111801242
0.424959628634,1.17721545725,2.44172856819,0.435345138485,87.5719659458,15.1128352323,3.39008402869,3.87499680007,15.0242319892,395.272102332,0.242356474222,0.0173410404624
0.444752854825,0.898238751921,5.76938178667,0.678154683765,57.9700947709,45.0969336142,0.625241221717,3.50004536517,12.5126084894,295.912740694,0.501888980511,0.363636363636
0.504159647967,1.07809352186,7.79257380004,0.577250218602,18.3115241963,40.0726878763,0.629809578295,3.60043549223,41.1338156858,871.084759323,0.481102610053,0.363636363636
0.758134046088,1.11782500445,2.44301667413,0.456956599861,14.2460318127,23.1332978766,1.5349145255,2.32200550511,42.8042839295,341.293314144,0.497313309509,0.481481481481
0.815721268095,0.964690853915,6.20515588167,0.590394716451,73.1121339491,38.23585368,2.19650269125,2.70151787083,29.1927969478,894.78002711,0.531050808963,0.105263157895
0.744843964776,1.10358605095,5.50296163811,0.579634583957,32.2745860529,25.4379448834,0.760434609875,1.25992690482,32.55858294,514.791503658,0.439039040076,0.666666666667
0.513311101688,0.900494875228,5.93536787535,0.409628734256,87.0458294402,26.9240573376,0.328474274235,3.21390395376,14.5356154238,196.808730019,0.50458681038,0.166666666667
0.116127658404,0.933275859705,4.06610002975,0.682797610195,33.7470525387,47.7849622103,2.39378890778,2.94690707008,23.7509813203,606.74201349,0.244383609695,0.012987012987
0.428861197965,1.18213844395,9.76536152358,0.579464671543,90.7492967371,43.8698140445,2.54956138516,1.05311563799,7.13777073738,1601.55503574,0.470941466629,0.386934673367
0.530448534371,1.14917348648,9.54990003928,0.442870203421,50.2345998663,11.6274372998,1.35675288743,1.69217341055,8.27980625331,1377.67079494,0.362825375597,0.254901960784
0.515801216179,0.994439466429,7.33417276556,0.599177225899,37.8059885498,6.90565206355,2.43440833627,2.31758984856,39.1679791806,1190.52283007,0.281066975607,0.519163763066
0.843877902043,0.835507981171,8.25033583566,0.50402827023,60.4029642833,30.5752227215,0.609378480629,4.14674626916,27.8338677558,379.380703587,0.567195660638,0.15
0.758800545958,0.986871523178,2.67280436693,0.588747499206,54.2563986119,47.6720380023,2.35267851295,4.12577110441,32.448055275,396.436428971,0.58839381682,0.0
0.761709494184,1.19087277724,6.61307867965,0.406055143475,35.5784334293,9.78076208722,0.777587412219,4.78790409081,37.3814928486,800.113274883,0.547601360933,0.588235294118
0.552510530684,1.1788542849,3.48382110263,0.60941662428,21.3343943283,4.03736238566,2.90945071289,3.3411634651,39.9064714426,588.974050409,0.164562143567,0.263959390863
0.119892508327,0.876332400783,2.93932757528,0.485922890402,16.3643250932,17.0529087358,3.12936575481,2.46085095489,39.7982015376,540.086881214,0.100212298839,0.0
0.829157188549,0.864925189885,4.47897611851,0.567948912824,93.1932088477,39.2870244223,3.41945723381,3.14079080368,31.6480798115,676.934646486,0.563870719078,0.276740237691
0.176844052713,1.1304862547,2.34050366031,0.596293234412,2.93994087225,33.2689905243,0.874168274348,3.4601405295,32.3159846971,162.030709651,0.381016436805,0.333333333333
0.881881179073,0.880889123554,6.57292761618,0.593857705809,39.2318569821,38.9873744859,2.94179476081,4.09262687825,10.7409753932,492.428662142,0.578012369958,0.0948905109489
0.260798173109,1.12060274993,4.17464767116,0.542451341755,86.8584837061,21.2149032721,0.653610575535,1.58466328263,18.5992129294,233.12783452,0.2675772351,0.25
0.131587457332,1.19869835577,5.42503388816,0.470268659659,61.8229809881,22.5479157758,1.29171111535,1.55348124282,35.2961743957,800.075439573,0.185800569987,0.612903225806
0.490006171414,1.03688579844,9.03884664469,0.461513382971,35.5977948834,10.1029569533,1.84893201161,4.95861865554,1.23156679794,841.203879166,0.224718589213,0.672897196262
0.253954992531,1.10125726212,3.11775472006,0.512701020436,62.265647419,15.7846220216,1.20137367991,0.605256963676,35.1123385239,344.981087684,0.320728008313,0.290697674419
0.815072002648,1.12081482415,7.49052324999,0.663766134353,75.7056183451,11.5209694748,2.14448995424,1.7173124331,24.2723540589,1026.44946377,0.330505371518,0.510869565217
0.684973209156,1.02221043717,3.40643038615,0.461061224336,74.0952043125,21.8817708359,2.94005567035,4.2566509547,20.2149715967,541.767528183,0.493844279127,0.385026737968
0.843358658003,1.06350224308,7.11293410632,0.486655250705,18.5790627078,41.3646428164,2.89334547476,1.45676091139,23.6346030869,925.513396998,0.434814475665,0.512048192771
0.842727777959,0.828193415194,3.24131618921,0.599980710861,37.4352044707,33.943923814,0.552166576624,0.929342778249,38.0933986953,175.760952954,0.536769138216,0.0454545454545
0.530371308556,1.18083446258,7.74414381973,0.664123288203,64.2237708757,44.6798412304,0.241699535264,4.66743586121,2.37787192813,532.81833559,0.372237154806,0.571428571429
0.689013333346,0.828410962425,3.29341074243,0.442704830567,89.497049821,6.23862041796,0.887922192886,1.51090929902,41.2199223231,255.20949675,0.164638316686,0.307692307692
0.163064507105,1.03329486405,8.31376905826,0.518413123242,62.9861549667,20.4922819657,2.51333344415,0.313982784771,12.6246619232,1164.17883039,0.283968530892,0.511961722488
0.65846302105,0.849774795447,3.56152202543,0.591882295981,86.8029050308,29.6680332416,0.19196640633,0.101315498544,19.3196701775,157.598951698,0.283358670991,0.0
0.795462953449,0.934452944612,2.80884069921,0.405937860628,72.1835196324,31.9623189556,1.49906490589,3.84726855975,4.44370812846,280.89871532,0.514325024347,0.5
0.615566792036,1.00591306142,7.44956597797,0.671259144355,51.3494458396,43.6921956801,2.71470592346,3.78809312467,37.0703806358,1061.37992643,0.568233520216,0.0
0.330881366723,1.17175592219,2.62220432791,0.416235803626,15.5344711997,26.4118219059,0.872507541433,1.70212954393,6.75105880403,274.754359146,0.559683559568,0.333333333333
0.840476130253,1.13802957948,9.98256008565,0.466405495306,85.7687779354,14.7100617895,1.22645484375,0.304530406239,21.3884262624,1431.9770171,0.464220805782,0.366197183099
0.360344911955,1.02771159888,2.05312917103,0.611552931107,84.5856927234,41.832258051,3.98349008563,1.81188098838,6.45050361134,262.65962672,0.405914511508,0.0
0.174087699414,0.965180700338,6.69848033779,0.659804003083,21.2683986071,47.3263045357,1.08547075553,0.142316426383,32.9696070561,777.073538461,0.30603146623,0.0666666666667
0.425017669135,1.09848568012,7.33294371056,0.619808983006,4.0936065123,31.0373287849,0.303599938274,0.209681048896,2.79948435324,494.642627472,0.298480565617,0.0
0.171180807767,1.07798835736,5.31263393801,0.563153319925,18.3891618905,35.0548111826,1.72808345905,2.61615990799,11.0510766774,534.904332884,0.291166640015,0.423728813559
0.66524955664,0.862200179922,5.10501186822,0.677519933068,20.8649090455,48.2973507725,3.79328011659,4.87590109924,9.67339412841,611.414483137,0.575475236932,0.0513833992095
0.483732235132,0.963983930495,7.78408977079,0.438748139876,1.50915627531,19.149924525,2.36920846284,0.439714769891,31.0276021091,994.946311058,0.394186238046,0.210526315789
0.344958448711,1.09236180147,5.60875217897,0.641559273683,98.6759002831,39.9628012676,3.41850735358,1.15685758669,9.1935462204,1013.45594503,0.435724795048,0.291891891892
0.502631125922,1.00158736116,3.86800138373,0.691068259423,51.4590620929,26.9930693698,0.780359903545,4.68096112497,6.0894994029,181.869560789,0.412361249647,0.0
0.644947442564,1.19199392835,5.41249120312,0.577286135895,20.651005837,31.9895930045,0.381195361494,3.27434612277,40.1419417585,352.793049103,0.539686109779,0.25
0.88549617932,1.07035613766,3.25385462801,0.440392363589,37.992544846,9.37155091607,2.63509307808,1.9287986312,32.6930457359,569.284854397,0.312308836894,0.66765578635
0.827581363939,0.955854577025,3.72123421123,0.683484568065,12.7656094771,13.8818523462,1.67011134589,1.67706402479,24.3954921674,323.263198995,0.358442788217,0.239130434783
0.736027804519,0.873866473741,9.6234205845,0.451446725291,2.23400685363,7.68997366947,2.9936825896,2.21329369692,2.09151175388,859.691637343,0.209886164851,0.0824742268041
0.466428917436,1.00205962842,3.28091199509,0.612161117715,81.4956113142,7.27823606213,0.668375528603,1.81310603155,34.2153503827,245.438211348,0.260532506204,0.36
0.599793104562,1.05383653365,2.75603542526,0.568990898093,36.4572432165,24.5240923685,1.97666100154,3.18662542891,20.9974623999,258.754859598,0.498999678259,0.52380952381
0.15032624738,0.928641167448,9.25605951241,0.534330872051,26.1957597154,24.6420208439,3.6621257153,4.19725091684,41.8912662733,1441.50656455,0.312596961473,0.381081081081
0.844515215342,0.942888047446,6.46933197817,0.699625249169,39.7317622614,3.19038604897,0.108180129581,4.30197817292,43.8784551214,502.780124388,0.269930573003,0.521739130435
0.543057773212,1.07463091889,9.51442834994,0.508013165479,47.3267545395,5.86394160868,1.41237331249,0.287055029066,19.0777409289,1071.19518667,0.224237644277,0.213114754098
0.842457257798,0.860825186926,6.82633154143,0.507726771412,78.3725099905,30.3109352766,1.16989482475,0.367884409501,19.662050953,673.214313223,0.569647960061,0.285714285714
0.873173179933,1.12355460227,8.145238211,0.509287254473,99.9810173884,46.1341869992,3.93296449199,2.01083548884,23.8039221354,1777.58639585,0.608008076865,0.315447154472
0.115995530522,1.1525956098,6.39161622963,0.43575400926,71.4617306285,49.5865709281,2.74549441067,3.55788295784,22.2596004034,1211.93679891,0.370470004408,0.418604651163
0.387928192034,1.07928922789,6.49751907909,0.606969033406,35.9568140627,28.198999432,0.724766959915,1.10629626632,16.0092210934,319.509505178,0.394060855094,0.428571428571
0.777420213353,0.880840388745,6.37899763788,0.617405090572,87.8688110485,49.2459124371,0.890721328828,4.25422191465,11.4435706506,397.621963688,0.688874153753,0.0
0.234715043713,0.984758160967,6.24709137531,0.580471345221,24.1617649434,19.4590837568,2.5398848901,4.71224095743,28.6783435692,987.497159211,0.202268160441,0.0707070707071
0.84025307608,0.822576377338,4.40302448633,0.637827062953,50.5183818615,34.4159441789,3.12803187377,1.12674110997,39.8033989431,653.282044174,0.545198592194,0.233480176211
0.818225264272,0.95596518993,8.08594155025,0.44524566466,97.7272072789,9.63632182254,2.53306020737,4.33831500241,36.9475003748,1125.22143359,0.299005625621,0.0
0.881778321548,0.942095535045,9.99119715286,0.627346034013,60.9891890808,23.1928298501,2.19174785807,0.66516421871,30.4206559902,1238.63273459,0.483060410101,0.064
0.572650991554,1.01639090312,5.46440536613,0.617070916122,28.321444224,36.2259397571,3.07659381707,3.82470415991,8.30720255148,806.988233949,0.542531272334,0.366218236173
0.800909267313,1.0671220036,9.56924955149,0.540425082181,94.4911463568,39.1491602529,3.99360475981,0.355578349065,4.03962564951,1527.4613882,0.541279903606,0.284191829485
0.419633500472,0.894841656052,2.25464175869,0.666763492718,23.1965167306,49.7260002308,1.87826899554,3.32859673582,22.6741029881,175.921065166,0.434923572141,0.0208333333333
0.826453069545,1.01309061543,6.01708822848,0.549705060311,1.41096042599,43.3652664041,2.05505202103,2.24427669853,17.5979060659,838.436396075,0.538527760048,0.020202020202
0.745737787913,1.02103123285,2.46962479379,0.631532732772,35.7542018519,4.50474441205,3.32711016543,0.936189408734,11.2426719505,330.381371728,0.180093596576,0.0920577617329
0.651725338451,1.07362289605,3.82228003703,0.578976030312,97.2833330622,29.0393790574,0.219811429336,3.02308553364,6.92218432333,225.608883687,0.418551797402,0.608695652174
0.188887426984,1.1435240255,2.67540870081,0.605059892624,25.0272107618,7.5756287695,0.663984364959,3.32021961664,29.5561985876,199.98989757,0.064567536517,0.125
0.685173729323,1.10123653516,5.80805494876,0.505927418325,59.1872042947,32.3927690947,1.58218888599,0.569874332988,30.4897289642,913.24565333,0.610740867167,0.0740740740741
0.756588478864,0.931028066639,9.14302679723,0.593284303128,25.999901765,33.4459157451,3.01309552641,2.28612480682,31.2536440668,1204.87203201,0.491681596637,0.0
0.404787125407,0.838447692879,6.48598700912,0.694107956394,14.1491065286,28.6964198039,1.13315552331,2.18887581101,13.1343824706,345.238595689,0.348020924607,0.0
0.840931641442,1.18272775147,2.63130966145,0.674134025915,27.6402969856,13.6544014658,1.99191688598,4.70593467755,34.0857697855,345.219910606,0.441947588903,0.4375
0.838919998747,0.973684295716,9.53597167933,0.616804290779,28.5124848424,3.47498826288,1.01668877213,1.62477508074,39.767997781,961.619290645,0.20345411961,0.507462686567
0.527758049475,1.08595961617,9.51683697212,0.487297589878,66.0574229783,13.2824410701,0.76451421077,2.54584288197,25.4347660558,600.454873482,0.294519148654,0.0
0.885067286941,1.00760671783,2.9576866755,0.604666746225,86.0934972598,34.3024997464,1.90024469303,1.17185415037,1.8285768097,189.959958383,0.425270322914,0.037037037037
0.207203080945,1.11469381161,2.40058358389,0.549450470824,2.93511087269,38.3415510863,3.64575036268,4.01791382019,8.85125537563,354.398022733,0.3845952929,0.251811594203
0.551982646627,0.951967598941,7.83237854701,0.521890545948,9.53467507984,38.9529345411,3.54967555213,2.01515345875,40.5640231299,1335.89575357,0.551468874022,0.178907721281
0.352380391644,1.19263297155,2.82186843742,0.43798493725,93.383724151,10.208049644,0.448067814875,1.41712400136,26.3320631255,265.182274737,0.206700240967,0.516129032258
0.45552948444,0.822407018428,3.80802944847,0.627242841965,72.4495403195,22.1697760204,0.895447983663,0.824187644943,4.84934022369,197.358583529,0.404967145529,0.6
0.669075734258,0.932146497794,2.71332960857,0.476040432937,86.7448857036,32.2246904784,1.79822810211,2.5785811853,42.1765566625,260.374138524,0.559859301042,0.530864197531
0.569850967952,1.07403446194,5.055584264,0.475091622288,9.74644582143,23.8684944631,2.89548886066,3.1479602513,25.654806809,733.222430034,0.424411413682,0.36036036036
0.366728504223,1.1557318265,5.09750729481,0.681942451185,5.85685247765,29.1712906489,0.702220346169,1.42492386283,22.7704657494,533.901556649,0.405445010814,0.4
0.846379393264,1.16159281232,2.2479277757,0.516865236697,30.5836067621,14.0846700326,2.24090306954,0.0739072075237,32.4574628891,361.209655597,0.374131008237,0.0
0.421474454662,0.902768764816,6.93090305338,0.602557601074,83.6659616165,5.58965789702,2.17432211234,0.0155976017361,6.08138823811,639.687650178,0.155350394433,0.1640625
0.787506540211,1.05510912313,9.76617011482,0.55022889718,77.0108918174,48.9584174462,0.900615785058,0.339669609274,32.6062454973,661.216964032,0.41306295264,0.125
0.411955958591,1.116122997,2.70868713853,0.557930287464,53.9085145512,13.2241809439,3.89896739075,1.97720447896,29.0007786213,575.15116947,0.209904410531,0.0
0.54154325199,0.959999892558,6.46497405669,0.620727720384,50.5570873993,14.6798353834,1.74413334147,3.72460614613,12.7549051981,548.308067863,0.43689156613,0.5
0.650796536734,1.06990196254,9.58460185195,0.521493290269,21.4355357778,44.1679174814,1.85103273363,3.64903869024,3.78993545244,664.188250994,0.467575776679,0.225806451613
0.430508797647,1.02389333885,6.07781379576,0.490028508278,49.0182993187,11.748500696,3.16444050832,3.88364250632,2.42804456622,762.245821753,0.332398921853,0.561844863732
0.191451463171,1.07665894476,5.0630298884,0.675623799141,48.5334247594,44.3977832494,1.70715046991,1.05887760131,6.09243452325,540.582507487,0.339727016075,0.0
0.777296869632,1.14589327993,9.93738917779,0.598873490519,2.6653837006,26.3917399253,0.371753051525,3.96832691783,12.3710985154,829.432077192,0.166103552467,0.0
0.524002414307,1.04796664337,7.83687084494,0.560741216779,67.2943895775,9.71021041721,3.81096918517,0.331154522215,26.1423796043,1682.75159862,0.205681517334,0.00371747211896
0.534051447135,0.854027365297,8.62447753854,0.541024779085,30.7254262764,17.378936354,2.92844165577,3.88436089257,28.4478760126,943.660641374,0.347455645275,0.0393700787402
0.811834853621,0.974943111693,6.65382435698,0.604770809637,27.2349795142,39.6769671956,0.39033710964,3.35521496743,18.1244425586,381.499038099,0.404841231814,0.0
0.472645559485,0.856259457149,9.02396136467,0.42623581986,42.6663947077,13.120384498,2.5878245229,0.743774668037,6.22250495036,777.421630423,0.294652289159,0.153846153846
0.308724438657,1.16588871746,6.97309222335,0.495003146436,58.9690890836,39.7209178385,3.03169822765,1.18146699008,26.1961519024,1597.2075904,0.374633773136,0.0
0.708748468592,0.827453797631,5.33947385651,0.619701452889,46.6889004266,12.309922637,3.89854867364,1.31210344248,27.6152785831,713.843096755,0.301801865382,0.0
0.347879648127,0.890557964307,2.18592691702,0.626336158415,33.7743008994,44.6466268385,0.178266494251,4.48185889509,43.4750724909,103.924215002,0.583684204014,0.0
0.133259644663,1.08089441333,7.67839433887,0.473628676303,39.7890473739,45.9624571553,1.15068985688,4.98089040854,9.3086017963,1022.33384524,0.342659184069,0.348837209302
0.63679623028,1.05838198167,2.74063142999,0.567340575002,45.5900053974,36.8772407659,0.762783930854,0.265605135738,9.59232786902,170.928889091,0.751963833021,0.5
0.815416161466,1.19241295036,2.72000659428,0.544069675282,70.7770000133,5.69037898018,2.46290182932,1.91910688215,2.75561966623,383.566045168,0.168512304754,0.0348837209302
0.75707292106,0.963621714435,2.06583491569,0.625205963593,42.4640515929,46.5964112736,0.733144730917,4.01602445888,6.82721243512,135.140339467,0.344770978716,0.5
0.621163797668,1.02069157805,8.15405602902,0.514849456761,65.0910908165,36.7378029525,1.09629437905,1.97005083304,10.0532188591,954.960986633,0.473831776567,0.257142857143
0.356064846619,1.03092140014,4.26590457635,0.613508763715,5.68959256221,9.90052715218,1.39271665729,1.98090014234,16.1021501194,387.395507629,0.236119003627,0.293333333333
0.227712934761,1.09158584735,8.67405720812,0.591545395292,12.3645338412,32.3606785955,1.77949946836,3.37578999926,43.7170425147,1379.4514109,0.305643204306,0.232142857143
0.662281432777,1.11085880136,9.98509946226,0.495574985504,41.2476575995,44.6321688229,1.84472098407,3.21585588184,2.45601822698,1208.10486275,0.371547595816,0.461538461538
0.824794098287,1.05437807794,6.11115331532,0.485436062529,45.4849052499,40.7297638707,2.5973462409,3.12381542029,13.931620282,772.73413352,0.609276487494,0.095652173913
0.310244856962,1.15315976315,4.40180241106,0.496328848879,10.910576049,5.60403360724,2.36108060702,2.89855470884,43.113110002,877.157055559,0.117986464705,0.173333333333
0.704870105391,1.15330567473,3.9320908947,0.623765639532,27.8342840488,43.9402034346,2.16682038276,4.40726228343,28.6178080518,805.548893071,0.536161585047,0.049504950495
0.483343293686,0.869751262783,2.31233331212,0.63957749897,25.4955250543,46.0464056311,0.429169328779,4.8537529854,22.8910642119,137.401081304,0.371231910034,0.333333333333
0.498251766694,0.99779946012,4.05340950777,0.632484744072,48.2795864534,10.3802332923,1.42783924867,4.87996621705,12.7339810088,404.656912284,0.130890526638,0.0
0.778447115446,1.01506442565,4.47697603667,0.501319261655,55.1685290275,16.8620130271,2.62130403144,0.778424105169,14.2374803296,588.733501986,0.456396686553,0.240740740741
0.309635896734,0.977992932609,2.65111297349,0.505335419155,28.9335961182,4.57103933694,1.40219781778,1.79705241271,18.1500192926,259.940307414,0.113602307508,0.47619047619
0.264665996351,1.06333376248,5.43713304541,0.607250531419,52.8260592867,30.5528449471,1.69758578003,2.68961280534,12.450780677,534.048075664,0.347398861209,0.144927536232
0.548399919402,1.01356948481,6.71671429789,0.624484299088,29.2951443737,28.7243703738,3.67977820993,0.76090023233,18.9250408423,1104.61646711,0.399698090852,0.0
0.730169260728,0.900237195679,3.5352825569,0.531587874153,95.6386020094,27.0424521229,3.82047897346,4.87904298187,27.1477661342,542.078721392,0.468156296216,0.00361010830325
0.34057154529,1.16538724312,6.07366503825,0.636735726458,64.5266861095,23.0134145773,3.09693042662,2.47460357893,11.2509757114,1100.7467525,0.383093652349,0.297839506173
0.689210163859,1.08814442801,8.90642935688,0.646560848317,27.0891684901,8.96009250089,3.4296351986,4.51712177095,36.3233874462,2026.5423278,0.321705921494,0.19384057971
0.699412539855,0.995463954445,3.43194957824,0.403902794491,23.8226500068,45.0425526448,0.0601099838197,0.0970771517747,25.3870531902,198.847931877,0.616995815954,0.289473684211
0.150586112283,1.00640448213,4.04313662394,0.552873307004,7.57650083837,7.26333745783,0.524596627438,3.04599292102,1.09700885795,225.045519709,0.123260852748,0.697674418605
0.23010118799,0.944989758153,2.18092677261,0.620860722505,6.39057934346,8.36574490225,0.788400295193,2.90699307823,43.8658664341,199.421207773,0.106842806973,0.0
0.880326459874,1.16343915361,6.68212722438,0.46835659742,74.4042009517,18.3604930895,1.52440750602,0.209710968866,43.8778799814,1064.73923962,0.528913516703,0.460674157303
0.431881646243,0.99136833558,8.63133526223,0.677055338804,53.7604394514,33.6523122092,3.5380256328,0.0605626967658,10.0936668918,1355.52268284,0.427189612204,0.111111111111
0.304400529163,1.1579112991,4.32918642596,0.586892973019,38.2596253441,22.7527183706,1.30197169827,3.44556024566,19.1730601043,448.072567826,0.256472366732,0.0535714285714
0.593965742946,1.1665914357,7.34510391609,0.518854933566,42.4887305043,30.8100510073,2.75031797966,1.44166736522,18.7543899062,1225.80252294,0.40816782595,0.0
0.730122973324,0.871035707412,8.56276526862,0.578697820777,55.2177815492,10.7602079422,1.48520208443,3.36407032371,15.885695717,674.110679202,0.44309613908,0.426829268293
0.822355026433,0.958426910715,8.56449734462,0.410402102969,35.2851029037,21.335330455,1.12589710218,4.39673170398,41.4459438327,1122.8016592,0.506681933686,0.147058823529
0.763632857179,1.18264014332,5.9819883343,0.471245761488,67.5582201633,35.3604202128,1.73867153337,3.1313606658,30.5862649352,822.265534601,0.507879115925,0.338235294118
0.683465336322,0.936980239136,7.74659734546,0.497153010918,69.8721419871,1.64790342568,0.87124490353,0.219712306365,15.8822609773,425.696431904,0.133825361187,0.625
0.16843326745,1.07812132386,8.23379519499,0.478363602944,85.8198247257,36.9858516451,3.89682348339,1.94118702509,36.3873364786,1925.65002457,0.253192655329,0.263948497854
0.786452242173,1.11844971741,8.05892328682,0.51410486191,56.3410813418,26.1930548093,3.25614114756,3.71973882643,7.44664292508,1268.1293306,0.536989455496,0.311231393775
0.499029139415,1.05465635297,6.02733161253,0.487707199733,51.7554701727,46.7864021297,0.640824819921,1.08249269976,31.0519421771,457.367692678,0.547005606555,0.541666666667
0.243290948131,1.11854335449,6.33718482443,0.643428657928,17.9654581804,47.2555594955,0.987639336891,0.228365803276,8.80800457384,433.569957981,0.394327878522,0.285714285714
0.396581030371,1.13508516857,7.01899873532,0.675919253231,83.181506428,36.4106886685,3.94093182732,3.68672462618,4.65227927231,1057.17560784,0.358557530656,0.0142857142857
0.50466399261,1.13949241604,4.92215912006,0.693207636087,27.8326581433,3.5295656772,1.05878774324,0.654452132091,2.48174283988,422.718550676,0.0677382027651,0.0222222222222
0.819164579613,1.0117422219,5.46136898555,0.498514926307,47.0850193262,8.78884037852,2.59250862391,3.13730938485,6.29445240678,596.194307355,0.383694450816,0.400921658986
0.669253301934,1.15479602741,9.44767049254,0.557787796339,83.2613897138,24.7056788519,0.473061722639,0.294457317476,16.144073186,838.01579584,0.601476605818,0.428571428571
0.608226688961,1.07956004475,5.96799776357,0.697181081186,98.2021994118,33.0274177223,3.0394363965,2.50726039282,11.2085110023,1064.29801291,0.475239362472,0.305206463196
0.208817443291,1.0452729945,2.81299979648,0.439734870466,7.9583630377,1.59879166856,1.55355474007,2.16926510306,33.1945528526,285.293369712,0.0433413803126,0.475609756098
0.570940508522,0.954733480371,9.39251032734,0.609067021754,79.212071706,5.52374182938,2.04934315754,2.31140617383,25.9002865688,1219.22600118,0.278239530853,0.412621359223
0.59139315956,1.05756341543,2.30778015153,0.605558105878,66.1931677336,41.9308239685,0.0927819790418,2.47092605356,38.9573402251,145.170248327,0.361328265091,0.153846153846
0.511913208124,1.12137082901,5.36828643291,0.429254745603,9.00021689769,8.61320165044,1.02012333147,2.16000328852,23.9295790503,595.114109357,0.258370417695,0.329268292683
0.485443314004,0.975597948514,9.60075624906,0.462923901572,12.1155152377,42.1114645798,3.22212941811,3.22626304266,14.4704539112,1339.04182789,0.547530172737,0.320054945055
0.782326489088,1.09920812248,5.15650980705,0.577265342353,42.4695563224,36.9531070308,1.65127057495,1.48353244641,21.2818940258,592.362618618,0.554459649634,0.0
0.372840813261,0.991208335407,9.83913211537,0.548624614145,79.4992538494,25.4216779085,0.763720455462,1.34479949616,9.82379834131,341.607728772,0.355238471516,0.555555555556
0.706726736342,1.18388434741,3.69422956928,0.654319380469,97.6403237504,29.2001232962,1.62366450113,3.06180024804,25.7827574464,450.859427472,0.463507721708,0.0
0.492095133595,1.09536478335,9.54050072586,0.689960165028,22.4447310964,34.2846269787,1.23496324592,3.32581211449,42.2786658642,1237.26219258,0.49481152835,0.191489361702
0.656642489051,0.956425069307,2.21481517686,0.567578515766,94.5874099176,6.52846071547,0.371841107995,2.40352575865,30.5763107841,171.272583652,0.304274920938,0.5
0.296477692488,1.18375497833,8.40266913736,0.421016358374,7.14908917553,24.029024075,1.12974621528,1.16798936428,42.0363728158,1928.17841783,0.264779681925,0.305555555556
0.706320207626,1.11255908752,4.00784509996,0.519751259065,47.8662249038,17.2460015067,2.26948199118,0.901191866143,36.9009318143,602.490417555,0.501854149251,0.353535353535
0.539480485378,0.877573639488,6.93422459896,0.406230170565,92.3318393304,31.2720884865,1.92901008479,0.9184055708,22.0535726133,684.728049293,0.532333834573,0.6
0.297611049674,1.0979247729,3.00646636155,0.455899908877,16.673323805,30.3229739745,1.99653507615,1.8452218179,15.9363146586,360.84748437,0.29190251885,0.0
0.545714516692,0.904447289664,9.42573271349,0.490114262882,83.154583713,32.3283748412,0.26226960928,4.18000677076,32.8327149344,619.390722603,0.462571483622,0.416666666667
0.265446794631,0.997034413794,2.11510437202,0.591887763254,21.0529091072,20.0772244636,3.52922260718,3.423616385,17.6491391304,334.395080718,0.372321047103,0.375189107413
0.119965741112,1.03997858423,8.73769775396,0.519779011209,30.4409186321,25.4282844583,3.05736411219,4.75343489665,29.6760004099,1698.4236883,0.21589271507,0.147272727273
0.157665544516,1.0383026783,6.49731011929,0.425602887371,45.4727082765,23.1156303187,3.0046871852,0.0257565467203,11.631620579,1109.82554698,0.196242359161,0.135135135135
0.314021948703,0.987775795567,7.41922984351,0.576022211745,31.8828982913,13.1584401275,3.4879686721,3.09155045466,28.8027486454,1335.12186048,0.288258447645,0.369905956113
0.496497884628,1.07968085137,7.690925384,0.502411424869,41.0126911589,12.0249077644,1.71751756683,3.98060635792,6.07688276686,536.457854271,0.2802930866,0.0
0.848689887247,1.17172909251,6.49776075073,0.426642855096,74.8525300528,17.1492741174,0.79242194686,0.167488850637,20.6911985438,664.225528892,0.318132884555,0.375
0.624323905655,1.14471865853,8.57627103581,0.59969502253,32.5184798172,28.2117328868,2.21829245106,3.53822470874,33.8043570091,1699.0917094,0.503949613673,0.453744493392
0.672312250403,0.865226842523,3.00070621809,0.573147097449,4.90909909108,21.0361590456,1.77071647351,0.853194928626,34.9134655744,280.741407702,0.527216185568,0.078431372549
0.665696949245,0.836525235953,6.60601143178,0.521145182181,97.5293211227,32.2366891991,1.07017023302,4.45173245526,30.0957609605,514.423876919,0.507391396476,0.42
0.483890348683,0.843136693774,7.58146497823,0.56411463973,76.5636788977,33.7881018429,0.820468945685,1.84423970676,24.8223396765,423.899375178,0.476969321362,0.0
0.363047670583,1.03128733439,9.23134924927,0.660239017607,96.6281309868,19.0140065974,0.847738388841,3.26355853833,15.4358364265,502.910552276,0.198887269573,0.0
0.46272941121,0.863281662408,7.33255609231,0.418148488314,16.3066374256,30.6338109702,3.93663144754,3.58188143711,43.7242374669,1141.5112368,0.460916307181,0.415465268676
0.421147318814,1.16759787901,2.0234599185,0.462262341392,32.3109549539,41.6580377026,3.40521936311,3.38533875853,27.1794396375,430.019411791,0.509323775896,0.459390862944
0.844672212362,1.19109693279,9.64177348216,0.627958873557,44.0727364523,23.8806504284,0.0218841917431,1.18432581121,26.0764909604,915.557002884,0.402686628391,0.1
0.15349686569,0.85365384113,5.96733190409,0.4313526584,86.8355417135,5.97151524996,1.01887777914,1.22169753574,14.8367955378,372.002501127,0.0494206906165,0.130434782609
0.782473315567,1.09659252072,8.39202084331,0.593786268224,97.2274188814,25.3695733301,1.77093440718,0.692269782719,7.57456174514,784.737577627,0.439469977318,0.0
0.378871710408,0.984652873188,8.69742279985,0.596631073492,66.0558178759,13.7956040287,3.44208138598,2.99036525139,32.5475808533,1474.60292706,0.26376440386,0.0496613995485
0.806429389365,0.917787423042,5.44423710256,0.568311479858,62.5042393969,17.9707726107,2.94854245747,0.595136578009,32.9436181732,651.173587646,0.527053747411,0.356097560976
0.283305673187,0.885347833747,2.48889215236,0.621686386514,99.365647374,41.4777560032,0.0182493130689,4.9679536899,40.3306985568,169.975535755,0.391330410188,0.230769230769
0.765235944202,1.04535207129,5.07186073171,0.40701549124,26.1223894947,13.8055889486,3.48568087784,0.369047020353,35.8670122842,1018.1263613,0.439470662907,0.233856893543
0.779205600809,1.07016428224,7.62882273248,0.422995172961,31.7160466581,13.7180378149,2.28267780504,3.72168374012,3.88615306082,882.487099189,0.355917641193,0.0578512396694
0.422705400855,1.06059697453,4.13204657824,0.67818977387,59.1388989347,19.2347564442,3.36905257288,3.24892793857,13.780971406,688.915058925,0.406468013778,0.399456521739
0.266982093245,1.14016700284,5.39374972968,0.490044989388,37.3590791763,27.3273317951,3.00443242516,3.84408889211,12.4331961502,1004.81936691,0.317843317305,0.108050847458
0.516010004713,1.12818527034,5.35352168455,0.49579546894,39.7149929739,36.1102572692,3.29616853161,3.83376998759,25.582142983,1149.1214141,0.45685778795,0.0682352941176
0.751360299365,1.04575821492,6.88797679503,0.565938584196,86.1984158248,45.075131337,1.461653703,1.78478903871,16.8514341886,810.059725319,0.540266444165,0.196078431373
0.445393379011,1.08206926962,8.48761097354,0.504626416212,7.12332478426,11.5421551694,2.69061802083,4.47740653544,27.2473673502,1728.32106227,0.243581519303,0.176470588235
0.201631841498,1.17205572462,4.38067533794,0.56594787138,35.2925658812,23.7465540641,3.8230532215,4.94309022961,5.31618764252,746.20079204,0.30650494064,0.330804248862
0.8395849091,0.823790277797,7.73688181078,0.471109517555,11.9263986957,14.1994978127,0.163314924281,4.21469901569,35.182326985,437.826080235,0.328474373988,0.428571428571
0.292509797083,0.970431154972,4.52648488027,0.558608887433,13.804548151,28.7258935839,1.96415739983,2.41474497557,3.15300239759,326.324891207,0.29528015035,0.0
0.874536884572,0.827169935966,3.45924364756,0.498723731098,41.3083427375,45.6332564143,3.20518706482,4.55795833723,11.4939759068,434.269214547,0.6114933208,0.118556701031
0.226983257355,0.961486466595,4.30000315489,0.561958896455,26.6666244008,21.6917914383,1.88640667076,0.729576418571,30.344771334,371.944320995,0.311724864455,0.178571428571
0.684929343309,0.994297640591,2.5407988932,0.472590229906,34.27395722,1.93890320408,3.10095370085,0.513351912243,17.3966418643,363.92547476,0.151101263201,0.339869281046
0.686008129549,0.921169406167,8.28469624413,0.536902787304,58.773139187,48.2318295369,1.50510420186,1.66616361015,26.6676007255,700.612070314,0.692607630938,0.0
0.520380240335,1.04924780093,4.71305124025,0.606063997404,81.8380664814,22.0218394257,1.13048839378,4.78866777679,22.8948535095,456.085214797,0.466233036385,0.237288135593
0.211214432956,1.03528636985,2.94585098458,0.467000412568,62.5667688298,6.17067950724,0.434558983364,0.324766719935,30.7336338196,221.514920752,0.0862334266308,0.0
0.710879172759,0.970753947193,4.51724660549,0.556562871539,73.6498557228,8.04450789418,1.76850517329,1.73673075408,6.49210015035,378.554458621,0.265076119616,0.373333333333
0.631025650033,1.18366098236,6.93729988393,0.528679581147,19.2773523462,1.5968200275,0.684140119809,3.43267871176,17.6835234869,532.842187704,0.0262254743313,0.0714285714286
0.442479325016,1.00300367739,6.42972832147,0.613453977372,38.7622297315,17.3544156291,2.97996557938,2.71119795974,2.52504368261,738.478856443,0.269730860763,0.176991150442
0.333008514707,1.17093485472,3.06718027344,0.697939807601,26.9621391388,11.6656107896,3.0230400809,0.604087510966,42.6069886806,738.223251911,0.212034648708,0.0349127182045
0.447321196027,1.12158098557,6.44699363599,0.537805219791,40.6405617014,19.9903440181,2.4381340956,0.0189669467532,24.7946671027,1044.67105064,0.456565432576,0.276699029126
0.470851193733,1.18265251112,5.56599659185,0.579626554973,85.4412425502,14.4533775521,0.820165237358,0.593194332956,7.13442026343,368.21356356,0.368666015051,0.473684210526
0.708540334378,0.866462890532,5.21983064306,0.658385971852,44.1867062025,33.6265174235,0.301000018607,1.22978826207,13.8169762416,220.664196486,0.472736506018,0.0
0.476745682251,1.07523985707,4.68335785397,0.646452544373,39.4380980844,21.0978493157,0.480629013694,4.89195871546,26.2663609018,286.996736246,0.406054034314,0.25
0.299727629927,0.945682883965,3.06879136266,0.685524116368,41.5848594275,34.1838404487,2.06195313411,2.92305645395,33.8075946758,427.990797739,0.366329747794,0.0
0.248160255765,0.831590883307,8.60400179017,0.649110575655,93.2332515356,24.5917554808,1.38413995557,0.477613573445,15.1674996565,588.344157792,0.136598418456,0.0
0.533583356867,0.940088538025,8.26078522915,0.58588683422,9.7459600523,7.33826635598,0.707468013459,2.78798708286,41.038633267,638.891184832,0.202080957982,0.2
0.385858465016,0.852361576375,8.98418936174,0.459853162581,84.330973476,15.9696490894,3.45006599073,3.07149467599,1.45966807259,824.574209831,0.257452756172,0.486486486486
0.19518361338,0.863504367057,3.20689716759,0.613259365664,8.84297327762,18.0049563657,3.88748348783,2.05242854772,14.5333906625,394.506415226,0.149787813263,0.00328947368421
0.650482037961,1.04998709697,9.28445860991,0.509382930984,98.0161541317,46.4363801237,1.71640837837,0.416836240182,43.8038020275,1013.6412671,0.50793700548,0.0793650793651
0.875243990331,0.851054591395,2.7571362589,0.682728790318,47.9766654461,25.2463145053,2.45151539281,0.55010882967,14.6295675848,272.746925976,0.554702922238,0.281767955801
0.580832222487,1.01228589176,9.53070610365,0.634913966773,52.7336053439,20.7904639416,0.613472528249,2.11519989274,3.83475020794,652.352400989,0.349169621839,0.444444444444
0.4520231721,1.06557973829,6.53868504682,0.409717480461,56.0529061268,20.698586515,1.54693197281,1.60189383372,3.61053825698,604.338711156,0.47960023315,0.612903225806
0.166225795973,1.06365877517,5.39019291828,0.414248203169,42.511081341,36.8983221042,1.03483936244,2.16436706217,6.07425513658,533.908328564,0.235667193869,0.119047619048
0.457057859128,0.862509235247,9.08495319036,0.662975455352,10.4229499811,40.068855819,1.34388732662,1.71148535775,29.6742627139,533.725220735,0.474828242528,0.0
0.859755301016,1.14493977004,2.76458418084,0.560438003452,64.5410457446,28.7802495771,2.68740436076,2.26275227647,27.509882116,385.922139268,0.526447862176,0.0310559006211
0.897312967991,0.90555758164,8.0964473645,0.536731801043,83.5112210997,35.8549623805,0.213421754103,4.88218795951,9.86936528644,426.527082579,0.398391455227,0.454545454545
0.751633049652,1.14093489118,4.64824937075,0.56643347744,67.2117441213,46.4666855423,1.7669280018,1.85981451064,18.9109278713,483.56324998,0.521160201303,0.0
0.87688433122,1.1792698649,6.17809756071,0.533509028975,42.542511169,7.95322174063,2.83267469315,2.69160857074,21.287678878,1048.18781348,0.333420939023,0.264705882353
0.347660332085,1.00025303927,8.68605499189,0.502772525041,44.9122895162,10.9494271271,0.078676789683,0.872917214053,32.9329936884,846.092051551,0.184618457118,0.5
0.439596279674,1.06993478495,3.62880114125,0.482169783292,52.3404017464,46.2024344704,1.83122944141,3.87016901752,38.9828494759,424.387318459,0.507283274698,0.455882352941
0.65835980802,0.951061022797,2.46213567167,0.453976628908,24.074120043,14.2367315445,3.69446197284,3.78066064019,10.3813903009,308.929637236,0.447743909052,0.451206715635
0.673262801851,0.894817305784,7.58453464308,0.623937966523,51.5117861147,13.7481572967,0.200476909272,2.599008533,12.5079837781,341.546773628,0.0658255552678,0.0
0.890414205219,0.86015579854,5.18355448535,0.595162358528,45.7151313611,35.2993024153,2.89885335429,1.79826984882,15.3269415123,547.348549009,0.534837682081,0.25
0.880961932431,1.00834569062,5.04605911608,0.532104470269,34.1356554807,26.8274727689,1.01502020629,2.52878733018,2.39138419926,552.904661931,0.495277713873,0.404761904762
0.657162577111,1.0338353713,8.17705466227,0.534096996108,36.4893992548,9.04513735264,2.89760066777,2.1333259608,21.3346987907,1372.07282667,0.344215024969,0.39896373057
0.679207107137,0.85247478716,6.986376004,0.616374763549,21.3951476912,6.56832484378,1.45704890713,2.87152860661,26.6238989931,705.484421059,0.285623791498,0.366666666667
0.170285650807,0.991824446806,6.10517753955,0.469231740747,99.8337472843,32.2046415159,0.0787868685137,2.9700704992,40.7346209222,342.095878334,0.158175698285,0.0
0.195001202762,1.00049322552,5.71262947106,0.689688009895,12.3850948584,15.0757899719,2.87976313344,0.684998119755,9.82270753318,705.834121069,0.137690057769,0.0
0.702356760906,0.976885064372,9.37944435249,0.439665104128,17.8666563549,16.0251291809,0.913342297477,1.70883674933,5.64927354683,427.462871998,0.395165929183,0.3
0.770468858274,1.15346709126,5.8582503894,0.666095157066,31.7621222129,21.3840763767,2.79960085862,1.85754866916,14.6169894589,1003.1536529,0.434993141628,0.417475728155
0.390420186921,0.839770275997,8.59043097439,0.513290910936,66.4439592518,12.2478478249,2.06578626086,2.99958218629,12.2473686756,788.83504526,0.21484174025,0.131944444444
0.405026251793,1.17785398617,3.38585135151,0.417948495609,23.6966612421,30.0680545649,1.82477036235,2.93126942067,1.03832578246,296.697093947,0.393852078569,0.689393939394
0.847696812311,0.84697331296,8.93215473235,0.502858183016,86.2210523833,13.9363676312,1.5333927372,0.760738290728,24.0423471629,947.587749161,0.337015043035,0.228571428571
0.270458455718,0.993744921327,8.86004593359,0.558865739291,61.3924310088,7.20319471686,1.8829122042,2.84293132914,39.0227283417,1059.01622674,0.191581589704,0.589743589744
0.247832586522,1.11721463621,7.48132336166,0.419706080641,78.5755315945,49.7514857675,2.57153501344,0.751321952657,13.0739547213,1000.39832675,0.480066354659,0.28384279476
0.522532309703,1.06063719427,6.43815793815,0.497017312701,31.4288155024,21.0332184381,2.59964907344,4.01542322563,9.59467223293,872.193862785,0.482495494211,0.301075268817
0.145529674395,1.0417965109,5.72617324049,0.684168420369,28.5287499158,40.7474642857,1.41010720236,3.74540594346,28.693524609,646.524919004,0.236079035028,0.0
0.58257541658,0.847979713361,9.31951064618,0.684832011448,34.5980476565,16.8653707982,3.92056728046,4.27423111624,18.518720601,1135.82787453,0.485598009841,0.366573033708
0.17516457633,0.966882740995,7.85709187838,0.418174376687,20.2458540616,40.4498892127,1.66403974244,4.61047786194,36.20957823,894.283530977,0.270372793106,0.0
0.490508919372,0.925814297994,9.68982887946,0.678617326709,1.99655952425,35.1322979115,1.94548824256,0.408750973939,16.4341091816,761.457814644,0.564241746676,0.25
0.249454780365,1.05827776683,8.47919791024,0.602944571605,72.1804512161,49.7819053439,1.20103469214,0.956523917888,33.5523095954,994.735656139,0.486425600475,0.153846153846
0.410848243551,1.12564190959,9.81034195571,0.559222928522,28.2609299946,49.9464933803,2.41742096452,3.84709667881,13.6470420443,1671.17029464,0.497924184725,0.248554913295
0.339611696083,1.0611872371,3.9300635697,0.615970322236,56.6160768212,14.4301450406,0.435427375582,1.21324456546,38.822261409,439.49600976,0.237748443684,0.0
0.395279749755,0.99675462732,6.81664455463,0.499986198772,20.6982642786,19.8989592513,1.38432754927,2.2523172283,22.1183335813,652.909180041,0.468735670347,0.506666666667
0.890629662195,0.955746949724,9.25540899751,0.64879280445,22.3060951939,15.1619001537,0.483264320875,2.9732814925,7.01189565821,492.60348394,0.577231720854,0.111111111111
0.401502376384,0.848860060724,9.86575830569,0.649614968686,93.6699511059,31.9183235063,1.64813099545,1.15145155337,43.0104597213,770.916795338,0.409383108535,0.373493975904
0.837648592851,0.953513218987,7.57922760624,0.494407426201,48.2108616959,35.7998492909,3.29992051666,1.68847325981,1.95888560039,993.521994312,0.522270873778,0.0677966101695
0.658462779313,1.12117495292,5.80356536128,0.693501141772,60.7715793887,22.0155726112,0.529269210208,4.04874435603,7.00479334792,480.072737586,0.23678478017,0.0
0.896182485926,1.00132695337,2.57248965115,0.497554529765,60.6990289757,6.43491074034,3.14790079848,2.31456999021,39.7345048677,480.559281872,0.207584906987,0.0
0.556092666805,0.920538670952,8.76423646743,0.438080608709,80.1333151719,18.9397837442,3.29682393298,1.50885817506,6.54455092899,1015.31496681,0.423305963759,0.441105769231
0.59508278384,0.997187823744,8.75920209701,0.666093529362,83.4286856498,25.9609848746,2.51349789188,2.99211734028,21.8143222071,1180.48014732,0.36984376445,0.0896551724138
0.287530795284,1.04996357356,6.10670555585,0.471564462698,40.2172788435,42.8461508097,2.94270968209,3.53068087236,16.1747270562,757.667585984,0.48482853963,0.378109452736
0.59643323033,1.1454637848,5.78937790973,0.477408379869,39.4110954988,21.0849518807,0.782792433915,0.255358380536,26.2734495596,460.013940285,0.450747759152,0.466666666667
0.865864625413,1.05675272506,2.87031869178,0.400626195245,10.2791020995,28.2799773787,2.57907057152,1.98167046573,21.7187301117,360.892204476,0.557807587751,0.0
0.347746457527,1.13534607768,2.62754215166,0.648113975683,92.6962390195,33.1493126311,2.93393743005,3.68971196462,7.9299166826,274.420901881,0.438884166166,0.268292682927
0.605285299015,0.943922822296,4.3578815299,0.615327144606,69.2102951664,28.0318430117,3.9938950898,2.9377104668,16.1119757141,602.803120558,0.485314498628,0.270700636943
0.14575678267,1.06843409088,7.43356354217,0.574409393549,32.2230342524,49.9823326157,0.436639181428,2.27515360858,26.9208648576,814.296476723,0.532973386635,0.0
0.775507186385,0.888140005759,2.28746382335,0.41662419837,96.0584676688,9.57742144172,1.15289208101,0.00894727661717,39.3715172266,228.234431909,0.49410499483,0.47311827957
0.329220747435,1.00114227245,4.43819138648,0.546705098922,49.7175273705,7.08898525731,1.28358334132,0.734592499537,13.0083200217,351.802271167,0.263125981902,0.534482758621
0.783695222722,1.06988384949,2.62239779271,0.645841343662,62.6087119391,18.5172771594,1.49932856869,2.88730205328,29.4423065347,322.903072683,0.47087843948,0.27868852459
0.814207783038,1.17087030621,9.6686804668,0.455950508399,10.2631815667,12.3996887031,3.17013892716,3.76133471818,7.86148545089,2041.00009464,0.459126328671,0.43543956044
0.733432817516,1.10377884542,9.07254268597,0.486353500708,21.9678218898,2.24921866028,3.88273510259,4.64547060814,14.1880385215,1816.86729292,0.114561728678,0.122621564482
0.560866692471,0.980328559195,9.44305069204,0.612211174519,92.2069654935,36.4881055166,1.22654051954,4.64624955996,26.0594168525,822.853431371,0.546593480103,0.257575757576
0.798058948565,1.12890169673,9.81163277467,0.41862713369,28.5969641071,8.78993573899,2.15341892098,2.10182532952,42.5972910125,2080.33781894,0.316556152614,0.0
0.630890932492,1.11264978589,6.78437072634,0.563632330312,62.1156842846,42.9023027457,2.53988066414,2.42829712466,33.4201819877,1338.7036065,0.488835482679,0.223684210526
0.613415676157,0.975955524352,2.76738672018,0.654183046405,47.9314959846,42.3577520862,3.77072516959,0.688810803976,39.6077252647,498.690744519,0.541183610766,0.121495327103
0.644522355786,1.16250732561,7.49587861584,0.688903438379,21.8683871358,19.5765588452,2.77550870817,4.22494995421,19.1496877529,1378.66774569,0.481930296659,0.316831683168
0.189225402907,0.903687547633,9.29361386899,0.451232283694,66.4338698577,17.2954376597,1.40348037639,4.13210909007,19.4900637201,615.655520498,0.333791681113,0.492957746479
